perc rss,LegoOS,Kona,Kona-main
327.64985877275745,18.961888131967715,15.274807913183656,12.286702131615733
81.91246469318936,18.923814958624916,15.262967156274048,12.274861374706125
40.95623234659468,18.98157130810828,15.28092938096337,12.29282359939545
20.47811617329734,18.999070905382208,15.286371755715562,12.298265974147641
10.23905808664867,18.94142948619125,15.268445274347174,12.280339492779254
5.119529043324335,18.979326679598273,15.28023130149676,12.29212551992884
