{"Redis - Random": {"amat_values": [[3.1867425376225427, 3.2286468499256302, 5.752904487595141, 9.687201321348532, 14.173839439566192, 15.343250257161259], [3.5673356508961938, 3.5803678920224544, 4.365412017337671, 5.5889783326349765, 6.984322787400669, 7.348009551672734], [3.1319905124373215, 3.145022753563582, 3.9300668788788, 5.153633194176104, 6.548977648941797, 6.912664413213864]], "perc_arrs": [[217.56674883184357, 108.78337441592178, 54.39168720796089, 27.195843603980446, 13.597921801990223, 6.7989609009951115], [217.56674883184357, 108.78337441592178, 54.39168720796089, 27.195843603980446, 13.597921801990223, 6.7989609009951115], [217.56674883184357, 108.78337441592178, 54.39168720796089, 27.195843603980446, 13.597921801990223, 6.7989609009951115]], "names": ["LegoOS", "Kona", "Kona-main"]}, "Linear Regression": {"amat_values": [[18.961888131967715, 18.923814958624916, 18.98157130810828, 18.999070905382208, 18.94142948619125, 18.979326679598273], [15.274807913183656, 15.262967156274048, 15.28092938096337, 15.286371755715562, 15.268445274347174, 15.28023130149676], [12.286702131615733, 12.274861374706125, 12.29282359939545, 12.298265974147641, 12.280339492779254, 12.29212551992884]], "perc_arrs": [[327.64985877275745, 81.91246469318936, 40.95623234659468, 20.47811617329734, 10.23905808664867, 5.119529043324335], [327.64985877275745, 81.91246469318936, 40.95623234659468, 20.47811617329734, 10.23905808664867, 5.119529043324335], [327.64985877275745, 81.91246469318936, 40.95623234659468, 20.47811617329734, 10.23905808664867, 5.119529043324335]], "names": ["LegoOS", "Kona", "Kona-main"]}, "Graph Coloring": {"amat_values": [[3.3731621103572857, 3.373160726746164, 3.4758953091434543, 4.058924129386592, 5.754489535522659, 9.745430712563605], [3.665751844940987, 3.6657514146379278, 3.6977018697634856, 3.879023832859101, 4.406344674167418, 5.647527380227152], [3.371881632946056, 3.3718812026429967, 3.4038316577685537, 3.58515362086417, 4.112474462172486, 5.353657168232221]], "perc_arrs": [[278.6474156561392, 139.3237078280696, 69.6618539140348, 34.8309269570174, 17.4154634785087, 8.70773173925435], [278.6474156561392, 139.3237078280696, 69.6618539140348, 34.8309269570174, 17.4154634785087, 8.70773173925435], [278.6474156561392, 139.3237078280696, 69.6618539140348, 34.8309269570174, 17.4154634785087, 8.70773173925435]], "names": ["LegoOS", "Kona", "Kona-main"]}}