perc rss,LegoOS,Kona,Kona-main
278.6474156561392,3.3731621103572857,3.665751844940987,3.371881632946056
139.3237078280696,3.373160726746164,3.6657514146379278,3.3718812026429967
69.6618539140348,3.4758953091434543,3.6977018697634856,3.4038316577685537
34.8309269570174,4.058924129386592,3.879023832859101,3.58515362086417
17.4154634785087,5.754489535522659,4.406344674167418,4.112474462172486
8.70773173925435,9.745430712563605,5.647527380227152,5.353657168232221
