perc rss,LegoOS,Kona,Kona-main
217.56674883184357,3.1867425376225427,3.5673356508961938,3.1319905124373215
108.78337441592178,3.2286468499256302,3.5803678920224544,3.145022753563582
54.39168720796089,5.752904487595141,4.365412017337671,3.9300668788788
27.195843603980446,9.687201321348532,5.5889783326349765,5.153633194176104
13.597921801990223,14.173839439566192,6.984322787400669,6.548977648941797
6.7989609009951115,15.343250257161259,7.348009551672734,6.912664413213864
