{"Redis - Random": {"amat_values": [[3.1867425376225427, 3.2286468499256302, 5.752904487595141, 9.687201321348532, 15.158785695617109, 20.714675406097577, 28.46808855467389, 30.556452614366417, 32.227585486957025], [3.5673356508961938, 3.5803678920224544, 4.365412017337671, 5.5889783326349765, 7.290641073032503, 9.018522772991929, 11.429834262199165, 12.079315484763537, 12.599037808139217], [3.1319905124373215, 3.145022753563582, 3.9300668788788, 5.153633194176104, 6.855295934573632, 8.583177634533056, 10.99448912374029, 11.643970346304668, 12.163692669680344]], "perc_arrs": [[217.56674883184357, 108.78337441592178, 54.39168720796089, 27.195843603980446, 13.597921801990223, 6.7989609009951115, 1.6997402252487779, 0.8498701126243889, 0.42493505631219447], [217.56674883184357, 108.78337441592178, 54.39168720796089, 27.195843603980446, 13.597921801990223, 6.7989609009951115, 1.6997402252487779, 0.8498701126243889, 0.42493505631219447], [217.56674883184357, 108.78337441592178, 54.39168720796089, 27.195843603980446, 13.597921801990223, 6.7989609009951115, 1.6997402252487779, 0.8498701126243889, 0.42493505631219447]], "names": ["LegoOS", "Kona", "Kona-main"]}, "Linear Regression": {"amat_values": [[22.904431165601107, 22.896842999638967, 22.89266535079676, 22.91142678657647, 22.87265997231656, 22.901580595007168, 22.897006580096424, 22.899923102593274, 22.910577296040113], [16.500938796643638, 16.498578877029413, 16.497279628239493, 16.503114434766978, 16.491057955532142, 16.500052269188924, 16.49862975055168, 16.499536789048204, 16.502850243210172], [13.512833015075719, 13.510473095461492, 13.509173846671567, 13.515008653199057, 13.502952173964225, 13.511946487621005, 13.510523968983764, 13.511431007480283, 13.51474446164225]], "perc_arrs": [[327.64985877275745, 81.91246469318936, 40.95623234659468, 20.47811617329734, 10.23905808664867, 5.119529043324335, 2.5597645216621676, 1.2798822608310838, 0.6399411304155419], [327.64985877275745, 81.91246469318936, 40.95623234659468, 20.47811617329734, 10.23905808664867, 5.119529043324335, 2.5597645216621676, 1.2798822608310838, 0.6399411304155419], [327.64985877275745, 81.91246469318936, 40.95623234659468, 20.47811617329734, 10.23905808664867, 5.119529043324335, 2.5597645216621676, 1.2798822608310838, 0.6399411304155419]], "names": ["LegoOS", "Kona", "Kona-main"]}, "Graph Coloring": {"amat_values": [[3.3731621103572857, 3.373160726746164, 3.4758953091434543, 4.058924129386592, 5.754489535522659, 9.745430712563605, 24.654405270214685, 29.750285454141135, 34.77464966600135], [3.665751844940987, 3.6657514146379278, 3.6977018697634856, 3.879023832859101, 4.406344674167418, 5.647527380227152, 10.284218467656638, 11.869037204857767, 13.43161447474629], [3.371881632946056, 3.3718812026429967, 3.4038316577685537, 3.58515362086417, 4.112474462172486, 5.353657168232221, 9.990348255661706, 11.575166992862831, 13.137744262751362]], "perc_arrs": [[278.6474156561392, 139.3237078280696, 69.6618539140348, 34.8309269570174, 17.4154634785087, 8.70773173925435, 2.1769329348135873, 1.0884664674067936, 0.5442332337033968], [278.6474156561392, 139.3237078280696, 69.6618539140348, 34.8309269570174, 17.4154634785087, 8.70773173925435, 2.1769329348135873, 1.0884664674067936, 0.5442332337033968], [278.6474156561392, 139.3237078280696, 69.6618539140348, 34.8309269570174, 17.4154634785087, 8.70773173925435, 2.1769329348135873, 1.0884664674067936, 0.5442332337033968]], "names": ["LegoOS", "Kona", "Kona-main"]}}